Brand Name,Product Name,Price,Return/Exchange,Expected Delivery,Availability,Product URL
-,"BLUEBERRY VIP-340, Acoustic Guitar Kit With Bag, Belt, String Set and 2 Picks - 34 Inch (Black)",2099,-,-,-,-
-,"BLUEBERRY 38C, Acoustic Guitar Kit with Bag, Strap, One Pack Strings And Picks - 38 Inch (Natural)",2099,-,-,-,-
-,"BLUEBERRY VIP-380, Acoustic Guitar Kit With Bag, Belt, String Set and 2 Picks - 38 Inch (Black)",2099,-,-,-,-
-,"BLUEBERRY VIP-340, Acoustic Guitar Kit With Bag, Belt, String Set and 2 Picks - 34 Inch (NATURAL)",2099,-,-,-,-
-,"Juârez Acoustic Guitar Kit, 38 Inch Cutaway, 038C with Bag, Strings, Pick and Strap, Black",2179,-,-,-,-
-,"Intern INT-38C Right hand Acoustic Guitar Kit, With Bag, Strings, Pick And Strap, Black, small",2198,-,-,-,-
-,"Juârez Acoustic Guitar, 38 Inch Cutaway, 038C with Bag, Strings, Pick and Strap, Black (Acoustic Guitar Kit, BLUE SUNBURST)",2198,-,-,-,-
-,"Juârez Acoustic Guitar, 38 Inch Cutaway, 038C with Bag, Strings, Pick and Strap, Black (Acoustic Guitar Kit, SUNBURST)",2199,-,-,-,-
-,"Intern INT-38C-BK-G Cutaway Right Handed Acoustic Guitar Kit, with Bag, Nickel Strings, Pick And Strap (Black) -6 Strings",2198,-,-,-,-
-,"Yamaha F280 Acoustic Rosewood Guitar (Natural, Beige)",7299,-,-,-,-
-,"Intern INT-38C-SB Right hand Acoustic Guitar Kit, With Bag, Strings, Pick, Strap and String Winder (38C, Sunburst)",2197,-,-,-,-
-,"Henrix 38C 38 Inch Cutaway Acoustic Guitar With Dual Action Truss Rod, Gigbag, Picks, String Set, String Winder, Strap, Polishing Cloth & Ebook - Black",3299,-,-,-,-
-,Intern INT-38C Acoustic Guitar Kit (Blue),2198,-,-,-,-
-,"Intern 38C Acoustic Steel-string Guitar Premium White Cutaway Design with carry bag, strings, guitar strap and plectrums (INT-38C-WH)",2198,-,-,-,-
-,"Kadence Frontier guitar with Online Guitar learning course , Wine Red Acoustic Guitar with Die Cast Keys, Set of Strings, Strap, Picks and Bag (Wine Red, Acoustic)",4799,-,-,-,-
-,"BLUEBERRY, B-38C Acoustic Guitar Kit with Bag, Strap, One Pack Strings And 2 Picks - 38 Inch (Retro BlACK)",2099,-,-,-,-
-,"JUAREZ Engineered Wood Acoustic Guitar, 38 Inch Cutaway, JRZ38C/BKNA Black",1864,-,-,-,-
-,Kadence BB01 Dreadnought Acoustic Guitar + (free online learning Course) - Black,3999,-,-,-,-
-,"Intern INT-38C-SB-G Linden Wood Cutaway Right Handed Acoustic Guitar Kit, With Bag, Strings, Pick And Strap (Sunburst, 6 Strings)",2019,-,-,-,-
-,"Kadence rosewood Guitar Frontier Series, Electric Acoustic Black Guitar With EQ, Die Cast Keys, Set Of Strings, Strap, Picks And Bag (Black EQ, Electric Acoustic)",5299,-,-,-,-
-,"Kadence Frontier guitar with Online Guitar learning course , Wine Red Acoustic Guitar with Die Cast Keys, Set of Strings, Strap, Picks and Bag (Wine Red, Acoustic)",4799,-,-,-,-
-,"BLUEBERRY VIP-360, Acoustic Guitar Kit With Bag, Belt, String Set and 2 Picks - 36 Inch (Sunburst)",2099,-,-,-,-
-,"Henrix 38C 38 Inch Cutaway Acoustic Guitar With Dual Action Truss Rod, Gigbag, Picks, String Set, String Winder, Strap, Polishing Cloth & Ebook - Red Burst",3199,-,-,-,-
-,"PS Signature 41inch Acoustic Guitar (Wooden Matte Color) Free 1 set Strings, 3 Picks, Bag & Belt)",3899,-,-,-,-
-,"Kadence Guitar Acoustica Series (Grand Auditorium body) Semi Acoustic Ash Wood Guitar with EQ, Padded bag and Learning Course- (A06EQN)",7199,-,-,-,-
-,"JUAREZ Engineered Wood Acoustic Guitar, 38 Inch Cutaway, JRZ38C/TBLSNA TRANSPARENT BLUE SUNBURST",1849,-,-,-,-
-,"Medellin Acoustic Guitar (with guitar learning course) Neon Pink (Combo, Strings,Bag,Picks and guitar course)",2599,-,-,-,-
-,"BLUEBERRY B-38C, Acoustic Guitar Kit with Bag, Strap, One Pack Strings And 2 Picks - 38 Inch (Brown)",2099,-,-,-,-
-,YAMAHA FS80C BLACK CONCERT CUTAWAY GUITAR,8479,-,-,-,-
-,Intern INT-38C Acoustic Guitar Kit (Red),2199,-,-,-,-
-,"JUAREZ JRZ38C/3TSNA Engineered Wood Acoustic Guitar, 38 Inch Cutaway, 3TS Sunburst",1863,-,-,-,-
-,"Yamaha Acoustic Guitar F310 Dreadnought With Mexa Guitar Bag, Head Cover, Belt, Plectrums & String Set.",10990,-,-,-,-
-,DOMENICO Guitar 4-String Acoustic Guitar Musical Instrument for Learning (23 Inch),949,-,-,-,-
-,"Juarez JRZ-ST01 38 Inches Wood 6-String Electric Guitar, Right Handed, Full Black, With Case/Bag And Picks (Black)",6749,-,-,-,-
-,"Yamaha F280 Acoustic Guitar, Tobacco Brown Sunburst",7499,-,-,-,-
-,"Medellin 38"" Blue Acoustic Guitar premium wood with free online learning course, Set Of Strings, Strap, Bag and 3 Picks",2199,-,-,-,-
-,"Juârez Acoustic Guitar, 38 Inch Cutaway, JRZ38CT, Hippie Funky Design, with Bag, Picks, Strap & Extra String set",2199,-,-,-,-
-,MOCKING BIRD 38 Inch Acoustic Guitar for Beginners Musical Instruments For Adults premium kit wood curved cutaway design Guitar Accessories with string & 5 picks & bag for beige (Black Matte),3621,-,-,-,-
-,"Intern INT-38C 38 Incheses basswood-BLS-G Cutaway Right HAnded Acoustic Guitar Kit, With Bag, Strings, Pick And Strap (Blue, 6 Strings)",2198,-,-,-,-
-,Yamaha FS80C 25 Incheses sprucewood The Ultimate Concert Body Cutaway Acoustic Guitar (Black) With Bajaao Gig-Bag,9390,-,-,-,-
-,"Washburn Bella Tono 6 String Acoustic-Electric Guitar, Right, Gloss Charcoal Burst (Bts9Vcech-D) - Spruce",24489,-,-,-,-
-,"BLUEBERRY VIP-380, Acoustic Guitar Kit With Bag, Belt, String Set and 2 Picks - 38 Inch (Black)",2099,-,-,-,-
-,"PS Signature 41inch RoseWood Acoustic Guitar, Free 1 set Strings, 3 Picks, Bag & Belt)",3899,-,-,-,-
-,"Kadence Frontier Semi Acoustic Jumbo Guitar 41"" with Learning Course, Die cast keys with Super Combo (Bag,strap,strings,capo And 3 picks) (Black, Electric Acoustic)",5999,-,-,-,-
-,"Kadence Frontier 34inch guitar for Kids, Travel Guitar for Adult Acoustic Guitar with Set of Strings, Strap, Picks and Bag (Sunburst Guitar)",3599,-,-,-,-
-,Yamaha Bass Wood Fs80C Natural Concert Cutaway Guitar,7900,-,-,-,-
-,"Juârez Acoustic Guitar, 38 Inch Cutaway, 038C with Bag, Strings, Pick and Strap, Black (Electric Guitar Kit, BLUE)",6750,-,-,-,-
-,"Juârez Acoustic Guitar Kit Red, 38 Inch Cutaway, 038C with Bag, Strings, Pick and Strap, RED",2711,-,-,-,-
-,BLUE LAVA Original 36 Inch Acoustic Travel Guitar with Lite Bag (Acoustic-White),20000,-,-,-,-
-,"Kadence Slowhand Premium Jumbo Semi Acoustic Guitar with Heavy Padded Bag, guitar cable, Pro Capo (Black Spruce Wood)",10499,-,-,-,-
-,"INTERN 40 inches Acoustic Cutaway Guitar with Pick-up & truss rod, carry bag, strings pack, strap & picks. Premium Wooden durable built, Tonal stability with professional sound amplificaiton (Natural)",4069,-,-,-,-
-,"Juarez Acoustic Guitar, [ LEFT HANDED] 38 Inch Cutaway, 38CL/BK with Bag, Strings, Pick and Strap, Black",2746,-,-,-,-
-,"BLUEBERRY VIP-380, Acoustic Guitar Kit With Bag, Belt, String Set and 2 Picks - 38 Inch (Natural)",2099,-,-,-,-
-,"Juarez Lindenwood Acoustic Guitar, 38 Inches Cutaway, Jrz38C With Bag, Strings, Pick And Strap, Blue",2199,-,-,-,-
-,"Yamaha F310, 6-Strings Acoustic Guitar, Natural",9399,-,-,-,-
-,"BLUEBERRY B40L, Acoustic Guitar Kit Inbuilt Truss Rod with Bag, Strap, One Pack Strings And Picks - 40 Inch (Classic Maroon)",4039,-,-,-,-
-,"PS Signature 41inch RoseWood Acoustic Guitar, Free 1 set Strings, 3 Picks, Bag & Belt)",3899,-,-,-,-
-,BLUEBERRY D38 Truss Rod Lindenwood Acoustic Guitar Kit - 38 Inch (Blue),2299,-,-,-,-
-,"Ibanez MD39C-NT 39 Inches Spruce Wood Cutaway Acoustic Guitar With Gig-Bag, Polishing Cloth And E-Book Natural",8499,-,-,-,-
-,"TECHBLAZE 8 Pcs Guitar Accessories Kit Including Guitar Tuner, Guitar Capo, 3 in 1 String Winder, 5 Celluloid Guitar Picks Plectrum Acoustic Guitar Kit (Capo + Tuner+ String Winder + Picks)",849,-,-,-,-
-,"Kadence Frontier guitar with Online Guitar learning course , Wine Red Acoustic Guitar with Die Cast Keys, Set of Strings, Strap, Picks and Bag (Wine Red, Acoustic)",4799,-,-,-,-
-,"BLUEBERRY VIP-360, Acoustic Guitar Kit With Bag, Belt, String Set and 2 Picks - 36 Inch (Sunburst)",2099,-,-,-,-
-,"Henrix 38C PRO 38 Inch Cutaway Acoustic Guitar With with Die-cast Tuners, Dual-action Truss Rod, Gig-Bag, Picks, String set, String Winder, Strap & Polishing Cloth - Natural",3749,-,-,-,-
-,SOUVENIR Guitar Tuner | Digital Calibration Tuner with LCD Display for Guitar Easy to Use Highly Accurate Clip-on Electronic Tuner for Acoustic and Electric Guitar with 5 Picks,459,-,-,-,-
-,"Ibanez MD39C-NT 39 Inches Rose Wood Cutaway Acoustic Guitar With Gig-Bag, Polishing Cloth And E-Book",8249,-,-,-,-
-,"BLUEBERRY B40L, Acoustic Guitar Kit Inbuilt Truss Rod with Bag, Strap, One Pack Strings And Picks - 40 Inch (Classic Maroon)",4039,-,-,-,-
-,MOCKING BIRD 38c Acoustic Guitar for Beginners Musical Instruments For Adults premium kit wood curved cutaway design Guitar Accessories with string & 5 picks & bag for beige (Black),3621,-,-,-,-
-,"Juârez Acoustic Guitar, 38 Inch Cutaway, 038C with Bag, Strings, Pick and Strap, Black (Electric Guitar Kit, BLUE)",6750,-,-,-,-
-,"Juârez Acoustic Guitar Kit Red, 38 Inch Cutaway, 038C with Bag, Strings, Pick and Strap, RED",2711,-,-,-,-
-,Revel 38 Inches Lindenwood Cutaway Design Acoustic Guitar With Carry Bag And Plectrums. (sunburst),1999,-,-,-,-
-,"Juarez Lindenwood Acoustic Guitar, 38 Inches Cutaway, Jrz38C With Bag, Strings, Pick And Strap, Blue",2199,-,-,-,-
-,"INTERN 40 inches Acoustic Cutaway Guitar with Pick-up & truss rod, carry bag, strings pack, strap & picks. Premium Wooden durable built, Tonal stability with professional sound amplificaiton (Blue)",4269,-,-,-,-
-,"Akkord 38 Inch Acoustic Cutaway Guitar Kit,with Gigbag, Strings, Picks, Strap and Key, Glossy Blue",2195,-,-,-,-
-,"Juarez Acoustic Guitar, [ LEFT HANDED] 38 Inch Cutaway, 38CL/BK with Bag, Strings, Pick and Strap, Black",2746,-,-,-,-
-,"BLUEBERRY VIP-380, Acoustic Guitar Kit With Bag, Belt, String Set and 2 Picks - 38 Inch (Natural)",2099,-,-,-,-
-,"Yamaha F310, 6-Strings Acoustic Guitar, Natural",9399,-,-,-,-
-,"AeroBand Guitar Stringless, Acoustic Electric Travel Guitar, Portable Silent Guitar with Removable Fretboard Smart Guitar for Beginners, Adults, Teenagers, Gift",44999,-,-,-,-
-,Fender Acoustic Guitar with Cutaway Electronics CD60SCE Black 970113006,24949,-,-,-,-
-,"Intern INT-38C-NT-G 38 Incheses lindenwood Right HAnded Acoustic Guitar Kit With Bag, Strings, Pick And Strap (Natural, 6-Strings)",-,-,-,-,-
-,"Vault EA20 Guitar Kit with Learn to Play Ebook, Bag, Strings, Straps, Picks, String winder & Polishing Cloth - 40 inch Cutaway Acoustic Guitar - Natural",4949,-,-,-,-
-,"PS Signature 41inch Acoustic Guitar (Wooden Matte Color) Free 1 set Strings, 3 Picks, Bag & Belt)",3899,-,-,-,-
-,"BLUEBERRY 38C, Acoustic Guitar Kit with Bag, Strap, One Pack Strings And Picks - 38 Inch (Natural)",2099,-,-,-,-
-,"Festra R-40-Natural Acoustic Guitar Kit with Bag, Strap, One Pack Strings And 2 Picks",3947,-,-,-,-
-,"BLUEBERRY VIP-380, Acoustic Guitar Kit With Bag, Belt, String Set and 2 Picks - 38 Inch (Black)",2099,-,-,-,-
-,Vault EA40TBK 41 inch Premium Solid Spruce-Top Cutaway Acoustic Guitar (Black),6934,-,-,-,-
-,"BLUEBERRY B-D38, Acoustic Guitar Kit Inbuilt Truss Rod, with Bag, Strap, One Pack Strings And Picks - 38 Inch (MAROON BROWN)",2299,-,-,-,-
-,"BLUEBERRY VIP-380, Acoustic Guitar Kit With Bag, Belt, String Set and 2 Picks - 38 Inch (SUNBURST)",2099,-,-,-,-
-,"BLUEBERRY VIP-340, Acoustic Guitar Kit With Bag, Belt, String Set and 2 Picks - 34 Inch (Black)",2099,-,-,-,-
-,Revel 38 Inches Cutaway Design Acoustic Guitar with Carry bag and Plectrums. Great tone and Beginner/Learners standard size configuration for all age groups (White),1999,-,-,-,-
-,"Kadence Frontier Series,Black Acoustic Guitar With Die Cast Keys Combo (Bag,strap,strings and 3 picks)",4999,-,-,-,-
-,"YAMAHA Wood Fs100C Acoustic Guitar, Black",-,-,-,-,-
-,"Kadence Frontier Jumbo Semi Acoustic Guitar, (Bag, 1 pack Strings, Strap, Picks, (Natural EQ C)",5999,-,-,-,-
-,"Kadence Guitar A06-36 Acoustica Series, Electric Acoustic Guitar, Ash Wood with Pickup and Inbuilt tuner Travel Guitar Small Size for Kids and Adult (36 inch)",7499,-,-,-,-
-,"Vault EA20 Guitar Kit with Learn to Play Ebook, Bag, Strings, Straps, Picks, String winder & Polishing Cloth - 40 inch Cutaway Acoustic Guitar Black",4949,-,-,-,-
-,Yamaha FG830 Acoustic Guitar - Natural,33990,-,-,-,-
-,"JUAREZ JRZ38CTR/BK 38 Inch Linden Wood Acoustic Guitar with Dual Action Truss Rod, Bag, Picks, Allen Key, Extra String Set, Black",3304,-,-,-,-
-,Vault EA25 Grand Auditorium Shape 41-Inch Acoustic Guitar with Bubinga Back and Sides - Natural,6099,-,-,-,-
-,"BLUEBERRY, VIP-385, Acoustic Guitar Basswood, Ash With Bag, Belt, String Set and 2 Picks - 38 Inch (Natural)",2895,-,-,-,-
-,Kadence BB01 Dreadnought Acoustic Guitar + (free online learning Course) - Sunburst,3999,-,-,-,-
-,"INTERN Cutaway Design Acoustic Guitar Pack -Humidity Proof, Bend resistant, Durable Action, Natural tone & resonance. Sunburst Carbon Fibre/Fiber Guitar with carry bag, Strap, Strings set, Picks.",2498,-,-,-,-
-,YAMAHA Spruce Wood Fsx80C Semi Acoustic Cutaway Guitar (Black),11749,-,-,-,-
-,"Kadence Guitar Acoustica Series, Electric Acoustic Guitar, Ash Wood with Pickup and Inbuilt tuner (Ash Wood, Electro Acoustic) with bag.",6999,-,-,-,-
-,"INTERN 41 inches Acoustic Guitar with truss rod. Includes carry bag, strings pack, strap & plectrums. Premium Wooden durable built, tonal stability & for all age-groups (Refreshing Natural).…",3805,-,-,-,-
-,"Yamaha Fs100C Acoustic Guitar, Natural - Rosewood",9988,-,-,-,-
-,"Kadence AstroMan Electric Guitar, 21 FRETS, ROSEWOOD FRETBOARD, H - S - S PICK UPS Black combo with Bag and guitar cable",8399,-,-,-,-
-,"JUAREZ Fiésta 41 Inch Acoustic Guitar Cutaway with Dual Action Truss Rod, 21 Frets Rosewood Fretboard & Bridge, Padded 5mm Cotton Bag, Cotton Strap, 2 Picks, Allen Key, Extra String Set, Black",4170,-,-,-,-
-,Yamaha Fx280 Tobacco Brown Sunburst Electro Acoustic Guitar - Wood,11990,-,-,-,-
-,"Henrix 38C 38 Inch Left Handed Cutaway Acoustic Guitar with Dual Action Truss Rod, Gigbag, Picks, String Set, Strap, Cloth & Ebook- Natural",3299,-,-,-,-
-,"Kadence Acoustica A01 34"" Spruce Wood Acoustic Guitar, Rosewood fretboard, Travel guitar, Small size guitar with bag and learning course (34"" Small Guitar)",-,-,-,-,-
-,"Fender Squier SA-105CE Cutaway Electro Acoustic Guitar With Gig Bag, Polishing Cloth And E-Book",11799,-,-,-,-
-,"Vault Traveller 34 Inch Acoustic Guitar With Truss Rod, Gig-Bag, Strap, Strings, Polishing Cloth, String Winder, Picks & E-Book - Natural Gloss",4199,-,-,-,-
-,"Ps Signature 41Inch Acoustic Guitar Black Matte New Model (Free 1 Set Strings, 3 Picks, Bag & Belt) - Tonewood",3799,-,-,-,-
-,Epiphone DR-100 6 Strings Right handed Acoustic Guitar Natural,15500,-,-,-,-
-,"Akkord 38 inch Acoustic Cutaway Guitar Kit with Gigbag and Picks, Glossy Sunburst",1999,-,-,-,-
-,"JUAREZ Fiésta 41 Inch Acoustic Guitar with Dual Action Truss Rod, 21 Frets Rosewood Fretboard & Bridge, Padded 5mm Cotton Bag, Cotton Strap, 2 Picks, Allen Key, Extra String Set, Natural",4170,-,-,-,-
-,Yamaha 22.8 Inches Merantiwood Classical Guitar C40//02 (Brown),7950,-,-,-,-
-,MOCKING BIRD 38c Acoustic Guitar for Beginners Musical Instruments For Adults premium kit wood curved cutaway design Guitar Accessories with string & 5 picks & bag for beige (Black),3621,-,-,-,-
-,"BLUEBERRY VIP-340, Acoustic Guitar Kit With Bag, Belt, String Set and 2 Picks - 34 Inch (Black)",2099,-,-,-,-
-,"Ps Signature 41Inch Acoustic Guitar New Model (Natural Color) Free 1 Set Strings, 3 Picks, Bag & Belt) - Tonewood",3799,-,-,-,-
-,"Vault DA20 Dreadnought Acoustic Guitar With Gig-Bag, Picks, Strings Set, String Winder, Strap, Polishing Cloth And Allen Key",4654,-,-,-,-
-,"Henrix 38C PRO 38 Inch Cutaway Acoustic Guitar With with Die-cast Tuners, Dual-action Truss Rod, Gig-Bag, Picks, String set, String Winder, Strap & Polishing Cloth - Natural",3749,-,-,-,-
-,"Ps Signature 41Inch Acoustic Guitar New Model (Natural Color) Free 1 Set Strings, 3 Picks, Bag & Belt) - Tonewood",3799,-,-,-,-
-,"Kadence Frontier guitar with Online Guitar learning course , Wine Red Acoustic Guitar with Die Cast Keys, Set of Strings, Strap, Picks and Bag (Wine Red, Acoustic)",4799,-,-,-,-
-,"BLUEBERRY 38C, Acoustic Guitar Kit with Bag, Strap, One Pack Strings And Picks - 38 Inch (Natural)",2099,-,-,-,-
-,"Fender Squier SA-105CE Cutaway Electro Acoustic Guitar With Gig Bag, Polishing Cloth And E-Book",11799,-,-,-,-
-,Epiphone DR-100 6 Strings Right handed Acoustic Guitar Natural,15500,-,-,-,-
-,"Kadence Frontier Series, Acoustic Guitar With/Wihtout EQ Die Cast Keys Combo (Bag,strap,strings and 3 picks) (Natural, Semi/Electro Acoustic)",6099,-,-,-,-
-,JUAREZ Rosewood Acoustic Guitar 3Xe 1St String & 2 Pick Set Jrgse32,84,-,-,-,-
-,"Kadence Acoustica A01 34"" Spruce Wood Acoustic Guitar, Rosewood fretboard, Travel guitar, Small size guitar with bag and learning course (34"" Small Guitar)",-,-,-,-,-
-,"Henrix 40CE 40 Inch Cutaway Electro-Acoustic Guitar With Dual Action Truss Rod, Gigbag, Picks, String Set, String Winder, Strap, Polishing Cloth & Ebook - Natural",4699,-,-,-,-
-,Kadence 12 strings Slowhand Premium Mahogany wood Semi Acoustic Guitar KSH03-12EQ,13999,-,-,-,-
-,Kadence 12 strings Slowhand Premium Black Spruce wood Semi Acoustic Guitar KSH04-12EQ,13999,-,-,-,-
-,YAMAHA Spruce Wood Fsx80C Semi Acoustic Cutaway Guitar (Natural),12679,-,-,-,-
-,"INTERN 41 inches Acoustic Guitar with truss rod. Includes carry bag, strings pack, strap & plectrums. Premium Wooden durable built, tonal stability & for all age-groups (Jamming Black).…",3409,-,-,-,-
-,"Kadence Wanderer 36” Travel Guitar Spruce Top, Mahogany back and side-Perfect for Playing On the Go-with Bag and Eq (KAD-WNE-01)",11999,-,-,-,-
-,"Yamaha C40M Classical Guitar, Sprucewood (Brown)",8390,-,-,-,-
-,"Kadence A281 Professional Acoustic Rosewood guitar (Natural, Beige)",6999,-,-,-,-
-,"Yamaha FS80C Acoustic Guitar Cutaway Concert Body With Mexa Sponge Bag, Guitar Belt, Guitar Stand, String Set & Plectrums.(NT)",9430,-,-,-,-
-,"Yamaha Fs80C Acoustic Guitar Cutaway Concert Body With Mexa Guitar Bag, Guitar Belt, String Set & Plectrums.(Bk) - Basswood",9590,-,-,-,-
-,"BLUEBERRY VIP-382, Acoustic Guitar, Cutway Innovative design With Bag, Belt, String Set And 2 Picks - 38 Inch (Black)",2099,-,-,-,-
-,"Festra R-40-Natural Acoustic Guitar Kit with Bag, Strap, One Pack Strings And 2 Picks",3947,-,-,-,-
-,"BLUEBERRY VIP-380, Acoustic Guitar Kit With Bag, Belt, String Set and 2 Picks - 38 Inch (Black)",2099,-,-,-,-
-,"BLUEBERRY VIP-360, Acoustic Guitar Kit With Bag, Belt, String Set and 2 Picks - 36 Inch (Sunburst)",2099,-,-,-,-
-,"PS Signature 41inch RoseWood Acoustic Guitar, Free 1 set Strings, 3 Picks, Bag & Belt)",3899,-,-,-,-
-,"BLUEBERRY B-40EQ-GL, Electro Acoustic Electric Guitar Kit with inbuilt Trussrod, Rosewood Fretboard & bridge with 4 Band EQ-7545R Piezo Pickup Guitar Preamp Amplifier Equalizer Tuner (Black)",4499,-,-,-,-
-,"BLUEBERRY VIP 341, Sapele Natural Wood Finsh Acoustic Guitar Kit With Bag, Belt, String Sets And 2 Picks - 34 Inch (Ntural)",2895,-,-,-,-
-,"Kadence Frontier Semi Acoustic Guitar 40"" with Learning Course, Die cast keys with Combo (Bag,strap,strings And 3 picks) (Brown, Electric Acoustic)",5499,-,-,-,-
-,Fender Squier Sonic Strat HSS Maple Wpg Tahitian Coral 373202511,15899,-,-,-,-
-,"Vault EA20 Guitar Kit with Learn to Play Ebook, Bag, Strings, Straps, Picks, String winder & Polishing Cloth - 40 inch Cutaway Acoustic Guitar - Sunburst",4699,-,-,-,-
-,"Vault EA20CE Electro Acoustic Guitar Kit with Learn to Play Ebook, Bag, Strings, Straps, Picks, String winder & Polishing Cloth - 40 inch Cutaway Acoustic - Guitar",5299,-,-,-,-
-,Yamaha Jr2 Natural Guitar - Spruce,13989,-,-,-,-
-,"Kadence Guitar Acoustica Series (Grand Auditorium body) Semi Acoustic Zebra Wood Guitar with EQ, Padded bag and Learning Course- (A05EQN) (Light Brown)",8499,-,-,-,-
-,"Juârez Acoustic Guitar, 38 Inch Cutaway, 038C with Bag, Strings, Pick and Strap, Black (Electric Guitar Kit, RDS)",6749,-,-,-,-
-,"INTERN 41 inches Cutaway Shape Acoustic Guitar with truss rod. Includes plectrums. Premium Wooden durable built, Best tonal s",3399,-,-,-,-
-,"Intern INT-38C-L-SB Left Hand Acoustic Guitar Kit, With Bag, Strings, Pick And Strap (Sunburst)",2399,-,-,-,-
-,"Juarez Wood Acoustic Guitar, [LEFT HANDED] 96.52 cm (38 Inch) Cutaway, 38CL/3TS with Bag, Strings, Pick and Strap, 3TS Sunburst",2516,-,-,-,-
-,"Intern INT-38C-L-NT Left Hand Acoustic Guitar Kit (Natural) with Carry bag, string set, picks and strap",2399,-,-,-,-
-,Vault RG1 Soloist Premium Electric Guitar - Transparent Black,11999,-,-,-,-
-,"Kadence Guitar Acoustica Series A05, Electric Acoustic Guitar, Zebra Wood with Pickup, Inbuilt tuner and Bag (Zebra Wood, Electro Acoustic)",7499,-,-,-,-
-,"Kadence Acoustica A06 34"" Ash wood Electric Acoustic Guitar, Rosewood fretboard, Travel Guitar Small Size for Kids and Adult with Pickup, Inbuilt tuner and bag",5511,-,-,-,-
-,"4-String Kids Guitar , Musical Instrument for Boys & Girls ,Learning Toy Guitar for Kids (17 Inches) Pack of 1",432,-,-,-,-
-,Jackson Electric Guitar Dinky JS-11 Gloss Black 2910121503,16500,-,-,-,-
-,Vault EA40-CE 41 inch Premium Solid Spruce-Top Cutaway Electro Acoustic Guitar - Natural,8639,-,-,-,-
-,"Kadence Slowhand Solid Cedar Wood Guitar SHM100 Premium Acoustic - (38″ Solid wood Guitar) with EQ, Heavy padded Bag and Handrest",15499,-,-,-,-
-,Fender Acoustic Guitar Dreadnought Cutaway Electronics FA-125CE Natural 971113221,18100,-,-,-,-
-,"Neowood (FLY-DCME-NA) Dreadnought Cutaway Electro-Acoustic Guitar With Matt Finish (Free Bag, Capo, Wilson String Set, 5pc Picks) (Natural)",6799,-,-,-,-
-,"INTERN Cutaway Design Acoustic Guitar Pack -Humidity Proof, Bend resistance, Durable Action, Natural tone & bright resonance. Black Carbon Fibre/Fiber Guitar with Bag, Strap, Strings set & Plectrums.",2249,-,-,-,-
-,"Yamaha Fg 800 Folk Acoustic Guitar, Natural - Rosewood",21490,-,-,-,-
-,"BLUEBERRY VIP-340, Acoustic Guitar Kit With Bag, Belt, String Set and 2 Picks - 34 Inch (NATURAL)",2099,-,-,-,-
-,Belear I280-WHT 38 Inch Cutaway White Dual Action Truss Rod Acoustic Guitar with Bag and Picks,2849,-,-,-,-
-,"Tanglewood Crossroads TWCR D Acoustic Guitar, 6 Strings, Dreadnought, Whiskey Barrel Burst Satin Finish",10499,-,-,-,-
-,Mayank & Company Wooden Kids 4 String Musical Guitar Classical Series Guitar Musical Instrument,735,-,-,-,-
-,"Kadence Frontier Acoustic Guitar 40"" with Learning Course, Die cast keys, with Combo (Bag,strap,strings And 3 picks) (Blue, Acoustic)",4399,-,-,-,-
-,"Rockstar Acoustic Guitars R200 Guitar - Acoustic Guitar with Padded Bag, Ideal for All Musicians, Gibson Shape, Gloss Finish, Flamed Maple Sides",35220,-,-,-,-
-,"Yamaha F370 Spruce Acoustic Guitar, Natural",14989,-,-,-,-
-,"Tanglewood Roadster II TWR2 TE Semi Acoustic Guitar, 6 Strings, Travel, Natural Satin Finish",15386,-,-,-,-
-,MOCKING BIRD 38c Acoustic Guitar for Beginners Musical Instruments For Adults premium kit wood curved cutaway design Guitar Accessories with string & 5 picks & bag for beige (Black),3621,-,-,-,-
-,"BLUEBERRY VIP-340, Acoustic Guitar Kit With Bag, Belt, String Set and 2 Picks - 34 Inch (NATURAL)",2099,-,-,-,-
-,"BLUEBERRY VIP-340, Acoustic Guitar Kit With Bag, Belt, String Set and 2 Picks - 34 Inch (Black)",2099,-,-,-,-
-,"BLUEBERRY VIP-301, Acoustic Guitar Kit With Bag, Belt, String Sets And 2 Picks - 30 Inch (Natural)",2895,-,-,-,-
